{
  "capturedAt": "2026-05-10T18:37:35.387Z",
  "iterations": 50,
  "storageBackend": "InMemoryStorage",
  "nodeVersion": "v22.22.2",
  "notes": "Captured during phase 0 of the Drive→Supabase migration. InMemoryStorage floor: not directly comparable to Postgres-backed numbers; the harness is what's identical across phases. Re-run with `pnpm bench:routes -- --update` after intentional perf changes.",
  "routes": {
    "POST /api/v1/trips": {
      "p50ms": 2.1315600000002632,
      "p95ms": 3.251492999999755
    },
    "GET /api/v1/trips": {
      "p50ms": 2.0784529999996266,
      "p95ms": 2.741012999999839
    },
    "GET /api/v1/trips/:tripId": {
      "p50ms": 1.3891020000000935,
      "p95ms": 1.5224130000001423
    },
    "PUT /api/v1/trips/:tripId": {
      "p50ms": 1.6539189999998598,
      "p95ms": 1.9371169999999438
    },
    "GET /api/v1/trips/:tripId/days": {
      "p50ms": 1.3625620000002527,
      "p95ms": 1.5710619999999835
    },
    "POST /api/v1/trips/:tripId/segments": {
      "p50ms": 1.6736949999999524,
      "p95ms": 1.9919650000001639
    },
    "PUT /api/v1/trips/:tripId/segments/:segmentId": {
      "p50ms": 1.5356509999996888,
      "p95ms": 1.8923540000000685
    },
    "DELETE /api/v1/trips/:tripId/segments/:segmentId": {
      "p50ms": 1.1905940000006012,
      "p95ms": 1.438919999999598
    },
    "GET /api/v1/trips/:tripId/costs": {
      "p50ms": 1.23584800000026,
      "p95ms": 1.4923709999993662
    },
    "DELETE /api/v1/trips/:tripId": {
      "p50ms": 1.1119820000003529,
      "p95ms": 1.3197819999995772
    }
  }
}
